target,circuit_id,display_name,successful_repetitions,shots_retrieved,mean_distribution_fidelity,sd_distribution_fidelity,min_distribution_fidelity,max_distribution_fidelity,mean_tvd,sd_tvd
H2-1LE,bell_state,Bell-2,3,3000,0.9996050993553333,0.00034212108023159743,0.999215384378,0.999855979258,0.018666666666666668,0.00832666399786453
H2-1LE,ghz_3,GHZ-3,3,3000,0.999441444386,0.0006045200870771445,0.998773495687,0.999950997599,0.020666666666666667,0.014011899704655804
H2-1LE,ghz_5,GHZ-5,3,3000,0.999790270377,0.00016868588161569594,0.999675894956,0.999983999744,0.013,0.0078102496759066544
H2-1LE,ghz_7,GHZ-7,3,3000,0.9992733612766667,0.0004075283051256372,0.9990380747,0.99974393443,0.026,0.008660254037844387
H2-1LE,grover_search_2,Grover-2,3,3000,1.0,0.0,1.0,1.0,0.0,0.0
H2-1LE,qft_3,QFT-3,3,3000,0.997517576722,0.000520113571009653,0.996931894694,0.997925528762,0.038,0.0036055512754639895
H2-1LE,qft_5,QFT-5,3,3000,0.9905461913673334,0.0037970895224656302,0.987222837804,0.994684636136,0.07608333333333334,0.01735715510483597
